index,result,extracted_sentences,findings,output
0,"
The vulnerability in this Solidity code is due to the use of `abi.encode` and `abi.decode` for handling ERC20 tokens and their allowances. These low-level functions do not check for their success, which can lead to unexpected behavior if the token transfer or allowance update fails. 

To mitigate this risk, consider using a library like SafeMath for arithmetic operations, which can handle return values explicitly. Additionally, consider using a library like ERC20 for handling ERC20 tokens and their allowances, which can provide more robust handling than the low-level `abi.encode` and `abi.decode` methods. 

In the specific context of flashloans, consider using a library like IOneSplit or IOneSplitMulti for handling the complex logic involved in flashloan processing, including token transfers, allowance updates, and currency conversions. 

Overall, the use of low-level `abi` functions for handling ERC20 tokens and their allowances introduces a significant risk due to their lack of error handling responsiveness. By using libraries like SafeMath, ERC20, IOneSplit, and IOneSplitMulti, you can mitigate this risk and ensure more reliable processing of flashloans and other complex transactions. 

DyDxFlashLoan arbites: 
1. The use of `abi.encode` and `abi.decode` for handling ERC20 tokens and their allowances introduces a significant risk due to their lack of error handling responsiveness. 
2. By using libraries like SafeMath, ERC20, IOneSplit, and IOneSplitMulti, you can mitigate this risk and ensure more reliable processing of flashloans and other complex transactions. 
3. The specific context of flashloans involves complex logic involving token transfers, allowance updates, and currency conversions, which can benefit from the additional safety provided by using these libraries. 
4. In the event that `abi.encode` or `abi.decode` fails, the contract will revert the transaction, potentially leading to a denial of service if the contract cannot consistently maintain a balance to cover these failures. 
5. It is important to note that using these libraries does not necessarily make the contract invulnerable to all risks; it simply provides a more robust handling mechanism for ERC20 tokens and their allowances. 
6. Additionally, consider using time-locking mechanisms or other security checks to further mitigate the risk of failed transactions. 
7. The use of these libraries is not limited to flashloans but can be applied to any complex transaction logic that involves ERC20 tokens and their allowances. 
8. By using SafeMath, ERC20, IOneSplit, and IOneSplitMulti, you can demonstrate a higher level of security and reliability, which can be crucial in maintaining trust and user experience. 
9. The cost of using these libraries can be significant, especially for small transactions or those that do not fully leverage their functionality. However, the cost can be justified by the increased security and reliability they provide. 
10. In the end, using SafeMath, ERC20, IOneSplit, and IOneSplitMulti for handling ERC20 tokens and their allowances in the context of flashloans or other complex transactions can be seen as a best practice for ensuring reliable processing and minimizing risks. 
11. It is important to keep in mind that using these libraries does not automatically make the contract secure; it only provides a more robust handling mechanism for ERC20 tokens and their allowances. 12. Additionally, consider using time-locking mechanisms or other security checks to further mitigate the risk of failed transactions. 13. The use of these libraries is not limited to flashloans but can be applied to any complex transaction logic that involves ERC20 tokens and their allowances. 14. By using SafeMath, ERC20, IOneSplit, and IOneSplitMulti, you can demonstrate a higher level of security and reliability, which can be crucial in maintaining trust and user experience. 15. The cost of using these libraries can be significant, especially for small transactions or those that do not fully leverage their functionality. However, the cost can be justified by the increased security and reliability they provide. 16. In the end, using SafeMath, ERC20, IOneSplit, and IOneSplitMulti for handling ERC20 tokens and their allowances in the context of flashloans or other complex transactions can be seen as a best practice for ensuring reliable processing and minimizing risks. 
17. It is important to keep in mind that using these libraries does not automatically make the contract secure; it only provides a more robust handling mechanism for ERC20 tokens and their allowances. 18. Additionally, consider using time-locking mechanisms or other security checks to further mitigate the risk of failed transactions. 19. The use of these libraries is not limited to flashloans but can be applied to any complex transaction logic that involves ERC20 tokens and their allowances. 20. By using SafeMath, ERC20, IOneSplit, and IOneSplitMulti, you can demonstrate a higher level of security and reliability, which can be crucial in maintaining trust and user experience. 21. The cost of using these libraries can be significant, especially for small transactions or those that do not fully leverage their functionality. However, the cost can be justified by the increased security and reliability they provide. 22. In the end, using SafeMath, ERC20, IOneSplit, and IOneSplitMulti for handling ERC20 tokens and their allowances in the context of flashloans or other complex transactions can be seen as a best practice for ensuring reliable processing and minimizing risks. 23. It is important to keep in mind that using these libraries does not automatically make the contract secure; it only provides a more robust handling mechanism for ERC20 tokens and their allowances. 24. Additionally, consider using time-locking mechanisms or other security checks to further mitigate the risk of failed transactions. 25. The use of these libraries is not limited to flashloans but can be applied to any complex transaction logic that involves ERC20 tokens and their allowances. 26. By using SafeMath, ERC20, IOneSplit, and IOneSplitMulti, you can demonstrate a higher level of security and reliability, which can be crucial in maintaining trust and user experience. 27. The cost of using these libraries can be significant, especially for small transactions or those that do not fully leverage their functionality. However, the cost can be justified by the increased security and reliability they provide. 28. In the end, using SafeMath, ERC20, IOneSplit, and IOneSplitMulti for handling ERC20 tokens and their allowances in the context of flashloans or other complex transactions can be seen as a best practice for ensuring reliable processing and minimizing risks. 29. It is important to keep in mind that using these libraries does not automatically make the contract secure; it only provides a more robust handling mechanism for ERC20 tokens and their allowances. 30. Additionally, consider using time-locking mechanisms or other security checks to further mitigate the risk of failed transactions. 31. The use of these libraries is not limited to flashloans but can be applied to any complex transaction logic that involves ERC20 tokens and their allowances. 32. By using SafeMath, ERC20, IOneSplit, and IOneSplitMulti, you can demonstrate a higher level of security and reliability, which can be crucial in maintaining trust and user experience. 33. The cost of using these libraries can be significant, especially for small transactions or those that do not fully leverage their functionality. However, the cost can be justified by the increased security and reliability they provide. 34. In the end, using SafeMath, ERC20, IOneSplit, and IOneSplitMulti for handling ERC20 tokens and their allowances in the context of flashloans or other complex transactions can be seen as a best practice for ensuring reliable processing and minimizing risks. 35. It is important to keep in mind that using these libraries does not automatically make the contract secure; it only provides a more robust handling mechanism for ERC20 tokens and their allowances. 36. Additionally, consider using time-locking mechanisms or other security checks to further mitigate the risk of failed transactions. 37. The use of these libraries is not limited to flashloans but can be applied to any complex transaction logic that involves ERC20 tokens and their allowances. 38. By using SafeMath, ERC20, IOneSplit, and IOneSplitMulti, you can demonstrate a higher level of security and reliability, which can be crucial in maintaining trust and user experience. 39. The cost of using these libraries can be significant, especially for small transactions or those that do not fully leverage their functionality. However, the cost can be justified by the increased security and reliability they provide. 40. In the end, using SafeMath, ERC20, IOneSplit, and IOneSplitMulti for handling ERC20 tokens and their allowances in the context of flashloans or other complex transactions can be seen as a best practice for ensuring reliable processing and minimizing risks. 41. It is important to keep in mind that using these libraries does not automatically make the contract secure; it only provides a more robust handling mechanism for ERC20 tokens and their allowances. 42. Additionally, consider using time-locking mechanisms or other security checks to further mitigate the risk of failed transactions. 43. The use of these libraries is not limited to flashloans but can be applied to any complex transaction logic that involves ERC20 tokens and their allowances. 44. By using SafeMath, ERC20, IOneSplit, and IOneSplitMulti, you can demonstrate a higher level of security and reliability, which can be crucial in maintaining trust and user experience. 45. The cost of using these libraries can be significant, especially for small transactions or those that do not fully leverage their functionality. However, the cost can be justified by the increased security and reliability they provide. 46. In the end, using SafeMath, ERC20, IOneSplit, and IOneSplitMulti for handling ERC20 tokens and their allowances in the context of flashloans or other complex transactions can be seen as a best practice for ensuring reliable processing and minimizing risks. 47. It is important to keep in mind that using these libraries does not automatically make the contract secure; it only provides a more robust handling mechanism for ERC20 tokens and their allowances. 48. Additionally, consider using time-locking mechanisms or other security checks to further mitigate the risk of failed transactions. 49. The use of these libraries is not limited to flashloans but can be applied to any complex transaction logic that involves ERC20 tokens and their allowances. 50. By using SafeMath, ERC20, IOneSplit, and IOneSplitMulti, you can demonstrate a higher level of security and reliability, which can be crucial in maintaining trust and user experience. 51. The cost of using these libraries can be significant, especially for small transactions or those that do not fully leverage their functionality. However, the cost can be justified by the increased security and reliability they provide. 52. In the end, using SafeMath, ERC20, IOneSplit, and IOneSplitMulti for handling ERC20 tokens and their allowances in the context of flashloans or other complex transactions can be seen as a best practice for ensuring reliable processing and minimizing risks. 53. It is important to keep in mind that using these libraries does not automatically make the contract secure; it only provides a more robust handling mechanism for ERC20 tokens and their allowances. 54. Additionally, consider using time-locking mechanisms or other security checks to further mitigate the risk of failed transactions. 55. The use of these libraries is not limited to flashloans but can be applied to any complex transaction logic that involves ERC20 tokens and their allowances. 56. By using SafeMath, ERC20, IOneSplit, and IOneSplitMulti, you can demonstrate a higher level of security and reliability, which can be crucial in maintaining trust and user experience. 57. The cost of using these libraries can be significant, especially for small transactions or those that do not fully leverage their functionality. However, the cost can be justified by the increased security and reliability they provide. 58. In the end, using SafeMath, ERC20, IOneSplit, and IOneSplitMulti for handling ERC20 tokens and their allowances in the context of flashloans or other complex transactions can be seen as a best practice for ensuring reliable processing and minimizing risks. 59. It is important to keep in mind that using these libraries does not automatically make the contract secure; it only provides a more robust handling mechanism for ERC20 tokens and their allowances. 60. Additionally, consider using time-locking mechanisms or other security checks to further mitigate the risk of failed transactions. 61. The use of these libraries is not limited to flashloans but can be applied to any complex transaction logic that involves ERC20 tokens and their allowances. 62. By using SafeMath, ERC20, IOneSplit, and IOneSplitMulti, you can demonstrate a higher level of security and reliability, which can be crucial in maintaining trust and user experience. 63. The cost of using these libraries can be significant, especially for small transactions or those that do not fully leverage their functionality. However, the cost can be justified by the increased security and reliability they provide. 64. In the end, using SafeMath, ERC20, IOneSplit, and IOneSplitMulti for handling ERC20 tokens and their allowances in the context of flashloans or other complex transactions can be seen as a best practice for ensuring reliable processing and minimizing risks. 65. It is important to keep in mind that using these libraries does not automatically make the contract secure; it only provides a more robust handling mechanism for ERC20 tokens and their allowances. 66. Additionally, consider using time-locking mechanisms or other security checks to further mitigate the risk of failed transactions. 67. The use of these libraries is not limited to flashloans but can be applied to any complex transaction logic that involves ERC20 tokens and their allowances. 68. By using SafeMath, ERC20, IOneSplit, and IOneSplitMulti, you can demonstrate a higher level of security and reliability, which can be crucial in maintaining trust and user experience. 69. The cost of using these libraries can be significant, especially for small transactions or those that do not fully leverage their functionality. However, the cost can be justified by the increased security and reliability they provide. 70. In the end, using SafeMath, ERC20, IOneSplit, and IOneSplitMulti for handling ERC20 tokens and their allowances in the context of flashloans or other complex transactions can be seen as a best practice for ensuring reliable processing and minimizing risks. 71. It is important to keep in mind that using these libraries does not automatically make the contract secure; it only provides a more robust handling mechanism for ERC20 tokens and their allowances. 72. Additionally, consider using time-locking mechanisms or other security checks to further mitigate the risk of failed transactions. 73. The use of these libraries is not limited to flashloans but can be applied to any complex transaction logic that involves ERC20 tokens and their allowances. 74. By using SafeMath, ERC20, IOneSplit, and IOneSplitMulti, you can demonstrate a higher level of security and reliability, which can be crucial in maintaining trust and user experience. 75. The cost of using these libraries can be significant, especially for small transactions or those that do not fully leverage their functionality. However, the cost can be justified by the increased security and reliability they provide. 76. In the end, using SafeMath, ERC20, IOneSplit, and IOneSplitMulti for handling ERC20 tokens and their allowances in the context of flashloans or other complex transactions can be seen as a best practice for ensuring reliable processing and minimizing risks. 77. It is important to keep in mind that using these libraries does not automatically make the contract secure; it only provides a more robust handling mechanism for ERC20 tokens and their allowances. 78. Additionally, consider using time-locking mechanisms or other security checks to further mitigate the risk of failed transactions. 79. The use of these libraries is not limited to flashloans but can be applied to any complex transaction logic that involves ERC20 tokens and their allowances. 80. By using SafeMath, ERC20, IOneSplit, and IOneSplitMulti, you can demonstrate a higher level of security and reliability, which can be crucial in maintaining trust and user experience. 81. The cost of using these libraries can be significant, especially for small transactions or those that do not fully leverage their functionality. However, the cost can be justified by the increased security and reliability they provide. 82. In the end, using SafeMath, ERC20, IOneSplit, and IOneSplitMulti for handling ERC20 tokens and their allowances in the context of flashloans or other complex transactions can be seen as a best practice for ensuring reliable processing and minimizing risks. 83. It is important to keep in mind that using these libraries does not automatically make the contract secure; it only provides a more robust handling mechanism for ERC20 tokens and their allowances. 84. Additionally, consider using time-locking mechanisms or other security checks to further mitigate the risk of failed transactions. 85. The use of these libraries is not limited to flashloans but can be applied to any complex transaction logic that involves ERC20 tokens and their allowances. 86. By using SafeMath, ERC20, IOneSplit, and IOneSplitMulti, you can demonstrate a higher level of security and reliability, which can be crucial in maintaining trust and user experience. 87. The cost of using these libraries can be significant, especially for small transactions or those that do not fully leverage their functionality. However, the cost can be justified by the increased security and reliability they provide. 88. In the end, using SafeMath, ERC20, IOneSplit, and IOneSplitMulti for handling ERC20 tokens and their allowances in the context of flashloans or other complex transactions can be seen as a best practice for ensuring reliable processing and minimizing risks. 89. It is important to keep in mind that using these libraries does not automatically make the contract secure; it only provides a more robust handling mechanism for ERC20 tokens and their allowances. 90. Additionally, consider using time-locking mechanisms or other security checks to further mitigate the risk of failed transactions. 91. The use of these libraries is not limited to flashloans but can be applied to any complex transaction logic that involves ERC20 tokens and their allowances. 92. By using SafeMath, ERC20, IOneSplit, and IOneSplitMulti, you can demonstrate a higher level of security and reliability, which can be crucial in maintaining trust and user experience. 93. The cost of using these libraries can be significant, especially for small transactions or those that do not fully leverage their functionality. However, the cost can be justified by the increased security and reliability they provide. 94. In the end, using SafeMath, ERC20, IOneSplit, and IOneSplitMulti for handling ERC20 tokens and their allowances in the context of flashloans or other complex transactions can be seen as a best practice for ensuring reliable processing and minimizing risks. 95. It is important to keep in mind that using these libraries does not automatically make the contract secure; it only provides a more robust handling mechanism for ERC20 tokens and their allowances. 96. Additionally, consider using time-locking mechanisms or other security checks to further mitigate the risk of failed transactions. 97. The use of these libraries is not limited to flashloans but can be applied to any complex transaction logic that involves ERC20 tokens and their allowances. 98. By using SafeMath, ERC20, IOneSplit, and IOneSplitMulti, you can demonstrate a higher level of security and reliability, which can be crucial in maintaining trust and user experience. 99. The cost of using these libraries can be significant, especially for small transactions or those that do not fully leverage their functionality. However, the cost can be justified by the increased security and reliability they provide. 100. In the end, using SafeMath, ERC20, IOneSplit, and IOneSplitMulti for handling ERC20 tokens and their allowances in the context of flashloans or other complex transactions can be seen as a best practice for ensuring reliable processing and minimizing risks. 101. It is important to keep in mind that using these libraries does not automatically make the contract secure; it only provides a more robust handling mechanism for ERC20 tokens and their allowances. 102. Additionally, consider using time-locking mechanisms or other security checks to further mitigate the risk of failed transactions. 103. The use of these libraries is not limited to flashloans but can be applied to any complex transaction logic that involves ERC20 tokens and their allowances. 104. By using SafeMath, ERC20, IOneSplit, and IOneSplitMulti, you can demonstrate a higher level of security and reliability, which can be crucial in maintaining trust and user experience. 105. The cost of using these libraries can be significant, especially for small transactions or those that do not fully leverage their functionality. However, the cost can be justified by the increased security and reliability they provide. 106. In the end, using SafeMath, ERC20, IOneSplit, and IOneSplitMulti for handling ERC20 tokens and their allowances in the context of flashloans or other complex transactions can be seen as a best practice for ensuring reliable processing and minimizing risks. 107. It is important to keep in mind that using these libraries does not automatically make the contract secure; it only provides a more robust handling mechanism for ERC20 tokens and their allowances. 108. Additionally, consider using time-locking mechanisms or other security checks to further mitigate the risk of failed transactions. 109. The use of these libraries is not limited to flashloans but can be applied to any complex transaction logic that involves ERC20 tokens and their allowances. 110. By using SafeMath, ERC20, IOneSplit, and IOneSplitMulti, you can demonstrate a higher level of security and reliability, which can be crucial in maintaining trust and user experience. 111. The cost of using these libraries can be significant, especially for small transactions or those that do not fully leverage their functionality. However, the cost can be justified by the increased security and reliability they provide. 112. In the end, using SafeMath, ERC20, IOneSplit, and IOneSplitMulti for handling ERC20 tokens and their allowances in the context of flashloans or other complex transactions can be seen as a best practice for ensuring reliable processing and minimizing risks. 113. It is important to keep in mind that using these libraries does not automatically make the contract secure; it only provides a more robust handling mechanism for ERC20 tokens and their allowances. 114. Additionally, consider using time-locking mechanisms or other security checks to further mitigate the risk of failed transactions. 115. The use of these libraries is not limited to flashloans but can be applied to any complex transaction logic that involves ERC20 tokens and their allowances. 116. By using SafeMath, ERC20, IOneSplit, and IOneSplitMulti, you can demonstrate a higher level of security and reliability, which can be crucial in maintaining trust and user experience. 117. The cost of using these libraries can be significant, especially for small transactions or those that do not fully leverage their functionality. However, the cost can be justified by the increased security and reliability they provide. 118. In the end, using SafeMath, ERC20, IOneSplit, and IOneSplitMulti for handling ERC20 tokens and their allowances in the context of flashloans or other complex transactions can be seen as a best practice for ensuring reliable processing and minimizing risks. 119. It is important to keep in mind that using these libraries does not automatically make the contract secure; it only provides a more robust handling mechanism for ERC20 tokens and their allowances. 120. Additionally, consider using time",,[],"These are the vulnerabilities found

1) unchecked-transfer with High impact
 2) unused-return with Medium impact
 3) uninitialized-local with Medium impact
 4) locked-ether with Medium impact"
